team_id,team,league_key,league,season_id,season,rating_team,goals_team_match,goals_conceded_team_match,possession_percentage_team,clean_sheet_team,expected_goals_team,_xg_diff_team,ontarget_scoring_att_team,big_chance_team,accurate_pass_team,accurate_long_balls_team,accurate_cross_team,touches_in_opp_box_team,expected_goals_conceded_team,interception_team,total_tackle_team,effective_clearance_team,poss_won_att_3rd_team
10077,Boca Juniors,arg_a,Liga Profesional Argentina,1000000477,2026,7.12,1.5,0.8,60.2,13.0,44.9,21.0,4.7,77.0,433.4,28.0,5.1,656.0,23.9,9.6,18.8,22.7,
10079,Vélez Sarsfield,arg_a,Liga Profesional Argentina,1000000477,2026,7.05,1.3,0.9,53.4,10.0,33.1,0.1,4.3,57.0,338.6,27.4,4.4,535.0,32.9,9.3,18.9,28.2,
10084,Rosario Central,arg_a,Liga Profesional Argentina,1000000477,2026,7.01,1.2,0.9,56.7,9.0,43.4,10.4,4.6,72.0,364.6,27.6,5.1,685.0,33.0,10.6,17.5,25.6,
10076,River Plate,arg_a,Liga Profesional Argentina,1000000477,2026,7.0,1.4,1.0,65.0,10.0,49.7,23.7,5.3,84.0,447.8,32.0,4.4,728.0,26.1,9.8,17.6,18.8,
10086,Argentinos Juniors,arg_a,Liga Profesional Argentina,1000000477,2026,7.0,1.2,0.8,61.8,13.0,38.8,11.1,4.9,58.0,439.6,34.8,5.6,640.0,27.6,10.9,17.0,24.8,
161729,Independiente Rivadavia,arg_a,Liga Profesional Argentina,1000000477,2026,6.98,1.6,1.1,48.7,7.0,39.1,10.9,5.3,71.0,259.7,26.9,6.0,579.0,28.2,9.8,16.6,25.4,
10094,Estudiantes,arg_a,Liga Profesional Argentina,1000000477,2026,6.97,1.1,0.7,55.5,13.0,38.9,10.6,5.1,74.0,350.8,30.3,6.1,573.0,28.3,8.2,17.0,25.6,
10081,Huracán,arg_a,Liga Profesional Argentina,1000000477,2026,6.96,1.1,0.8,51.7,12.0,32.6,-3.7,3.9,46.0,297.4,26.2,3.9,508.0,36.4,9.3,19.0,30.6,
10092,Belgrano,arg_a,Liga Profesional Argentina,1000000477,2026,6.95,1.2,0.7,51.7,15.0,36.6,0.0,4.0,60.0,323.6,25.9,4.2,670.0,36.5,9.6,19.2,24.8,
161730,Defensa y Justicia,arg_a,Liga Profesional Argentina,1000000477,2026,6.92,1.3,1.2,51.8,8.0,33.6,1.9,4.4,57.0,318.6,25.2,4.0,479.0,31.8,11.4,18.4,32.6,
10082,Lanús,arg_a,Liga Profesional Argentina,1000000477,2026,6.91,1.1,0.9,51.8,12.0,34.4,7.4,4.3,56.0,365.2,27.3,4.4,562.0,27.0,9.4,16.3,26.9,
10096,Unión,arg_a,Liga Profesional Argentina,1000000477,2026,6.9,1.5,1.4,48.5,5.0,40.3,7.9,4.8,65.0,273.0,28.2,6.0,644.0,32.4,9.0,16.7,23.3,
10090,Instituto,arg_a,Liga Profesional Argentina,1000000477,2026,6.9,1.3,0.9,48.9,9.0,38.6,18.0,4.4,59.0,269.0,28.2,6.9,600.0,20.6,9.3,17.0,26.6,
89396,Tigre,arg_a,Liga Profesional Argentina,1000000477,2026,6.88,1.0,1.0,47.0,8.0,33.8,7.8,4.1,57.0,261.8,25.3,4.7,477.0,26.0,10.4,17.9,28.2,
10103,Gimnasia LP,arg_a,Liga Profesional Argentina,1000000477,2026,6.86,1.2,1.3,45.0,8.0,39.6,1.9,4.1,71.0,267.7,26.5,5.2,526.0,37.7,10.9,18.8,31.2,
10101,Talleres,arg_a,Liga Profesional Argentina,1000000477,2026,6.85,1.0,1.1,53.9,8.0,30.5,-4.8,4.5,43.0,355.3,26.9,5.0,512.0,35.3,7.4,16.6,27.4,
10078,Independiente,arg_a,Liga Profesional Argentina,1000000477,2026,6.84,1.3,1.3,52.3,8.0,30.0,-2.9,3.9,52.0,284.9,23.9,4.2,649.0,32.9,8.6,17.0,23.8,
10080,Racing Club,arg_a,Liga Profesional Argentina,1000000477,2026,6.8,1.1,1.2,56.7,8.0,34.6,-2.0,3.8,54.0,332.7,29.0,4.3,603.0,36.6,10.7,17.6,25.3,
213534,Barracas Central,arg_a,Liga Profesional Argentina,1000000477,2026,6.8,0.9,0.9,43.8,9.0,20.6,-9.7,3.4,35.0,256.8,26.4,3.3,382.0,30.3,10.5,15.5,26.9,
10083,San Lorenzo,arg_a,Liga Profesional Argentina,1000000477,2026,6.8,0.7,1.0,48.6,13.0,24.4,-11.9,3.6,40.0,269.6,21.7,4.3,462.0,36.3,10.5,18.7,27.6,
161727,Atlético Tucumán,arg_a,Liga Profesional Argentina,1000000477,2026,6.79,0.9,1.1,43.9,11.0,29.1,0.9,3.4,49.0,214.8,21.5,4.7,458.0,28.3,10.4,19.0,26.0,
10201,Newell's Old Boys,arg_a,Liga Profesional Argentina,1000000477,2026,6.77,1.0,1.3,45.0,7.0,24.2,-11.4,3.4,44.0,237.9,26.3,4.1,437.0,35.6,9.2,19.4,30.3,
10087,Banfield,arg_a,Liga Profesional Argentina,1000000477,2026,6.77,1.1,1.3,40.4,6.0,30.4,-12.9,3.9,46.0,205.0,24.2,4.5,485.0,43.3,10.8,20.4,30.4,
10089,Club Atlético Platense,arg_a,Liga Profesional Argentina,1000000477,2026,6.77,0.8,1.2,50.2,7.0,27.9,-5.1,4.0,40.0,289.0,28.3,4.9,479.0,33.0,11.5,17.6,26.3,
568727,Gimnasia Mendoza,arg_a,Liga Profesional Argentina,1000000477,2026,6.75,1.0,1.3,47.2,8.0,27.1,-10.2,4.0,46.0,266.5,27.8,3.6,407.0,37.3,9.8,17.4,28.5,
213596,Central Córdoba de Santiago,arg_a,Liga Profesional Argentina,1000000477,2026,6.73,0.7,1.3,44.6,8.0,21.5,-21.1,2.9,32.0,261.4,26.8,3.6,412.0,42.6,10.6,18.1,29.5,
202757,Sarmiento,arg_a,Liga Profesional Argentina,1000000477,2026,6.72,1.2,1.4,44.0,8.0,29.9,-6.6,3.8,50.0,218.9,27.9,3.8,423.0,36.5,9.3,16.3,30.6,
298629,Deportivo Riestra,arg_a,Liga Profesional Argentina,1000000477,2026,6.68,0.5,0.9,36.1,10.0,23.8,0.3,3.4,40.0,143.8,26.6,3.7,498.0,23.5,10.3,18.2,29.7,
161728,Aldosivi,arg_a,Liga Profesional Argentina,1000000477,2026,6.68,0.7,1.3,43.2,6.0,22.1,-16.3,3.4,33.0,219.8,25.4,5.5,457.0,38.4,10.1,20.6,30.4,
213591,Estudiantes de Río Cuarto,arg_a,Liga Profesional Argentina,1000000477,2026,6.59,0.4,1.4,47.0,6.0,22.9,-15.1,2.4,36.0,253.4,25.4,5.7,431.0,37.9,11.1,17.4,31.1,
